Wk,Day,Date,Time,Home,xG,Score,xG.1,Away,Attendance,Venue,Referee,Match Report,Notes
1,Sat,2024-04-13,18:30,Internacional,1.9,2–1,0.7,Bahia,19103,Estádio José Pinheiro Borba,,Match Report,
1,Sat,2024-04-13,18:30,Criciúma,0.7,1–1,0.6,Juventude,12804,Estádio Heriberto Hülse,,Match Report,
1,Sun,2024-04-14,16:00,Vasco da Gama,0.9,2–1,1.2,Grêmio,17722,Estádio Club de Regatas Vasco da Gama,Flavio Rodrigues de Souza,Match Report,
1,Sun,2024-04-14,16:00,Ath Paranaense,2.0,4–0,0.3,Cuiabá,21388,Ligga Arena,,Match Report,
1,Sun,2024-04-14,16:00,Atl Goianiense,1.6,1–2,1.2,Flamengo,31617,Estádio do Governo do Estado de Goiás,,Match Report,
1,Sun,2024-04-14,16:00,Corinthians,0.5,0–0,0.3,Atlético Mineiro,44285,Neo Química Arena,,Match Report,
1,Sun,2024-04-14,17:00,Cruzeiro,1.6,3–2,2.0,Botafogo (RJ),20701,Estádio Governador Magalhães Pinto,,Match Report,
1,Sun,2024-04-14,18:30,Vitória,1.4,0–1,0.8,Palmeiras,30644,Estádio Manoel Barradas,,Match Report,
1,Sat,2024-04-13,21:00,São Paulo,0.5,1–2,0.4,Fortaleza,35055,Estádio do Morumbi,,Match Report,
1,Sat,2024-04-13,21:00,Fluminense,1.8,2–2,1.2,RB Bragantino,17645,Estadio Jornalista Mário Filho,,Match Report,
,,,,,,,,,,,,,
2,Wed,2024-04-17,19:00,RB Bragantino,0.9,2–1,1.2,Vasco da Gama,5448,Estádio Nabi Abi Chedid,Paulo Zanovelli,Match Report,
2,Wed,2024-04-17,19:00,Grêmio,1.1,2–0,0.2,Ath Paranaense,13236,Arena do Grêmio,,Match Report,
2,Wed,2024-04-17,20:00,Palmeiras,1.4,0–1,1.1,Internacional,13464,Allianz Parque,,Match Report,
2,Wed,2024-04-17,20:00,Fortaleza,0.6,1–1,0.8,Cruzeiro,21726,Estádio Castelão,,Match Report,
2,Wed,2024-04-17,20:00,Juventude,1.6,2–0,1.1,Corinthians,7478,Estádio Alfredo Jaconi,,Match Report,
2,Wed,2024-04-17,20:00,Atlético Mineiro,1.0,1–1,0.3,Criciúma,21726,Arena MRV,,Match Report,
2,Tue,2024-04-16,21:30,Bahia,1.1,2–1,0.4,Fluminense,23080,Itaipava Arena Fonte Nova,,Match Report,
2,Wed,2024-04-17,21:30,Flamengo,1.3,2–1,0.7,São Paulo,45166,Estadio Jornalista Mário Filho,,Match Report,
2,Thu,2024-04-18,21:30,Botafogo (RJ),0.6,1–0,0.9,Atl Goianiense,7801,Estádio Nilton Santos,,Match Report,
,,,,,,,,,,,,,
3,Sat,2024-04-20,16:00,Fluminense,1.3,2–1,1.9,Vasco da Gama,25842,Estadio Jornalista Mário Filho,Wilton Sampaio,Match Report,
3,Sat,2024-04-20,18:30,RB Bragantino,0.5,1–0,1.2,Corinthians,9466,Estádio Nabi Abi Chedid,,Match Report,
3,Sat,2024-04-20,18:30,Grêmio,0.6,1–0,1.3,Cuiabá,22904,Arena do Grêmio,,Match Report,
3,Sun,2024-04-21,16:00,Vitória,1.6,2–2,2.5,Bahia,27609,Estádio Manoel Barradas,,Match Report,
3,Sun,2024-04-21,16:00,Ath Paranaense,0.8,1–0,1.6,Internacional,29784,Ligga Arena,,Match Report,
3,Sun,2024-04-21,16:00,Palmeiras,0.4,0–0,0.2,Flamengo,29956,Allianz Parque,,Match Report,
3,Sun,2024-04-21,18:30,Atl Goianiense,0.2,0–3,1.7,São Paulo,8024,Estádio Antônio Accioly,,Match Report,
3,Sun,2024-04-21,18:30,Botafogo (RJ),2.9,5–1,0.3,Juventude,13273,Estádio Municipal Nílton Santos,,Match Report,
3,Sat,2024-04-20,21:00,Atlético Mineiro,1.1,3–0,0.8,Cruzeiro,39541,Arena MRV,,Match Report,
,,,,,,,,,,,,,
4,Sat,2024-04-27,16:00,Vasco da Gama,1.9,0–4,1.4,Criciúma,17124,Estádio Club de Regatas Vasco da Gama,Caio Max Augusto Vieira,Match Report,
4,Sat,2024-04-27,17:30 (18:30),Cuiabá,0.2,0–3,2.1,Atlético Mineiro,6711,Arena Pantanal,,Match Report,
4,Sun,2024-04-28,11:00,Flamengo,0.8,0–2,1.0,Botafogo (RJ),53683,Estadio Jornalista Mário Filho,,Match Report,
4,Sun,2024-04-28,16:00,Corinthians,1.2,3–0,0.4,Fluminense,42119,Neo Química Arena,,Match Report,
Wk,Day,Date,Time,Home,xG,Score,xG,Away,Attendance,Venue,Referee,Match Report,Notes
4,Sun,2024-04-28,16:00,Cruzeiro,1.2,3–1,0.3,Vitória,20083,Estádio Governador Magalhães Pinto,,Match Report,
4,Sun,2024-04-28,18:30,Fortaleza,1.7,1–1,0.5,RB Bragantino,18113,Estádio Castelão,,Match Report,
4,Sun,2024-04-28,18:30,Juventude,1.2,1–1,1.3,Ath Paranaense,5032,Estádio Alfredo Jaconi,,Match Report,
4,Sun,2024-04-28,20:00,Internacional,1.9,1–1,0.3,Atl Goianiense,28468,Estádio José Pinheiro Borba,,Match Report,
4,Sat,2024-04-27,21:00,Bahia,1.1,1–0,0.1,Grêmio,35836,Itaipava Arena Fonte Nova,,Match Report,
4,Mon,2024-04-29,20:00,São Paulo,0.9,0–0,0.8,Palmeiras,55694,Estádio do Morumbi,,Match Report,
,,,,,,,,,,,,,
5,Sat,2024-05-04,16:00,Fluminense,1.8,2–2,1.3,Atlético Mineiro,5168,Estádio Kleber José de Andrade,,Match Report,
5,Sat,2024-05-04,18:30,RB Bragantino,0.6,1–1,1.8,Flamengo,9917,Estádio Nabi Abi Chedid,,Match Report,
5,Sun,2024-05-05,16:00,Vitória,0.2,1–3,2.9,São Paulo,25739,Estádio Manoel Barradas,,Match Report,
5,Sun,2024-05-05,16:00,Ath Paranaense,2.3,1–0,0.5,Vasco da Gama,31192,Ligga Arena,,Match Report,
5,Sun,2024-05-05,17:30 (18:30),Cuiabá,0.4,0–2,1.8,Palmeiras,10781,Arena Pantanal,,Match Report,
5,Sun,2024-05-05,18:30,Botafogo (RJ),0.8,1–2,2.8,Bahia,22685,Estádio Nilton Santos,,Match Report,
5,Sat,2024-05-04,21:00,Corinthians,1.9,0–0,1.1,Fortaleza,42456,Neo Química Arena,,Match Report,
,,,,,,,,,,,,,
6,Sat,2024-05-11,16:00,Flamengo,1.7,2–0,1.6,Corinthians,56829,Estadio Jornalista Mário Filho,,Match Report,
6,Sun,2024-05-12,16:00,Fortaleza,0.6,1–1,0.6,Botafogo (RJ),15914,Estádio Castelão,,Match Report,
6,Sun,2024-05-12,16:00,Atl Goianiense,1.5,0–1,0.5,Cruzeiro,7576,Estádio Antônio Accioly,,Match Report,
6,Sun,2024-05-12,16:00,Palmeiras,1.7,0–2,0.9,Ath Paranaense,12108,Arena Barueri,,Match Report,
6,Sun,2024-05-12,18:30,Vasco da Gama,1.7,2–1,1.7,Vitória,11084,Estádio Club de Regatas Vasco da Gama,,Match Report,
6,Sun,2024-05-12,18:30,Bahia,0.8,1–0,0.5,RB Bragantino,36820,Itaipava Arena Fonte Nova,,Match Report,
6,Mon,2024-05-13,20:00,São Paulo,1.8,2–1,0.6,Fluminense,39515,Estádio do Morumbi,,Match Report,
,,,,,,,,,,,,,
7,Sat,2024-06-01,16:00,Vitória,0.6,0–2,1.4,Atl Goianiense,16008,Estádio Manoel Barradas,,Match Report,
7,Sat,2024-06-01,16:00,Grêmio,0.8,0–2,1.4,RB Bragantino,7563,Estádio Major Antônio Couto Pereira,,Match Report,
7,Sat,2024-06-01,17:30 (18:30),Cuiabá,0.4,0–1,1.0,Internacional,5747,Arena Pantanal,,Match Report,
7,Sat,2024-06-01,18:30,Fluminense,2.3,1–1,1.3,Juventude,21037,Estadio Jornalista Mário Filho,,Match Report,
7,Sun,2024-06-02,16:00,Criciúma,1.2,1–2,2.7,Palmeiras,19027,Estádio Heriberto Hülse,,Match Report,
7,Sun,2024-06-02,16:00,Atlético Mineiro,1.0,1–1,0.4,Bahia,37994,Arena MRV,,Match Report,
7,Sun,2024-06-02,16:00,Vasco da Gama,0.1,1–6,3.8,Flamengo,62228,Estadio Jornalista Mário Filho,Braulio Machado,Match Report,
7,Sun,2024-06-02,18:30,São Paulo,0.6,2–0,0.6,Cruzeiro,44928,Estádio do Morumbi,,Match Report,
7,Sun,2024-06-02,18:30,Fortaleza,1.3,1–0,0.7,Ath Paranaense,12191,Estádio Municipal Presidente Getúlio Var...,,Match Report,
7,Sat,2024-06-01,21:00,Corinthians,0.7,0–1,1.1,Botafogo (RJ),41281,Neo Química Arena,,Match Report,
,,,,,,,,,,,,,
2,Wed,2024-06-05,19:00 (20:00),Cuiabá,0.4,0–0,1.0,Vitória,3614,Arena Pantanal,,Match Report,
Wk,Day,Date,Time,Home,xG,Score,xG,Away,Attendance,Venue,Referee,Match Report,Notes
,,,,,,,,,,,,,
5,Wed,2024-06-05,19:00,Juventude,1.3,1–0,1.6,Atl Goianiense,5123,Estádio Alfredo Jaconi,,Match Report,
,,,,,,,,,,,,,
6,Sun,2024-06-09,16:00,Criciúma,1.8,2–5,1.5,Cuiabá,13846,Estádio Heriberto Hülse,,Match Report,
,,,,,,,,,,,,,
8,Tue,2024-06-11,19:00,Juventude,0.7,1–1,0.5,Vitória,6186,Estádio Alfredo Jaconi,,Match Report,
8,Tue,2024-06-11,19:00,Atl Goianiense,3.1,2–2,0.4,Corinthians,1208,Estádio Antônio Accioly,,Match Report,
8,Tue,2024-06-11,20:00,Botafogo (RJ),1.7,1–0,0.2,Fluminense,27239,Estádio Nilton Santos,,Match Report,
8,Tue,2024-06-11,21:30,RB Bragantino,1.2,1–2,1.0,Atlético Mineiro,4617,Estádio Nabi Abi Chedid,,Match Report,
8,Thu,2024-06-13,19:00,Cruzeiro,1.0,2–1,1.6,Cuiabá,26595,Estádio Governador Magalhães Pinto,,Match Report,
8,Thu,2024-06-13,20:00,Internacional,0.2,0–0,0.7,São Paulo,17987,Estádio Heriberto Hülse,,Match Report,
8,Thu,2024-06-13,20:00,Ath Paranaense,2.6,3–1,1.4,Criciúma,23424,Ligga Arena,,Match Report,
8,Thu,2024-06-13,20:00,Flamengo,1.0,2–1,1.0,Grêmio,51785,Estadio Jornalista Mário Filho,,Match Report,
8,Thu,2024-06-13,21:30,Palmeiras,2.3,2–0,0.2,Vasco da Gama,37641,Allianz Parque,Ramon Abatti,Match Report,
8,Thu,2024-06-13,21:30,Bahia,1.4,1–0,1.2,Fortaleza,29889,Itaipava Arena Fonte Nova,,Match Report,
,,,,,,,,,,,,,
9,Sat,2024-06-15,18:30,RB Bragantino,0.5,2–1,2.1,Juventude,3338,Estádio Nabi Abi Chedid,,Match Report,
9,Sun,2024-06-16,16:00,Corinthians,0.9,2–2,0.9,São Paulo,46129,Neo Química Arena,,Match Report,
9,Sun,2024-06-16,16:00,Vitória,1.5,2–1,1.2,Internacional,14251,Estádio Manoel Barradas,,Match Report,
9,Sun,2024-06-16,16:00,Ath Paranaense,1.8,1–1,0.6,Flamengo,38641,Ligga Arena,,Match Report,
9,Sun,2024-06-16,17:30 (18:30),Cuiabá,3.6,5–0,0.1,Fortaleza,4474,Arena Pantanal,,Match Report,
9,Sun,2024-06-16,18:30,Vasco da Gama,1.0,0–0,0.2,Cruzeiro,11275,Estádio Club de Regatas Vasco da Gama,Rafael Klein,Match Report,
9,Sun,2024-06-16,18:30,Criciúma,1.9,2–2,0.8,Bahia,8661,Estádio Heriberto Hülse,,Match Report,
9,Sun,2024-06-16,18:30,Grêmio,1.0,1–2,0.7,Botafogo (RJ),15595,Estádio Kleber José de Andrade,,Match Report,
9,Sat,2024-06-15,21:00,Fluminense,0.7,1–2,1.8,Atl Goianiense,14485,Estadio Jornalista Mário Filho,,Match Report,
9,Mon,2024-06-17,20:30,Atlético Mineiro,0.4,0–4,2.8,Palmeiras,28251,Arena MRV,,Match Report,
,,,,,,,,,,,,,
10,Wed,2024-06-19,19:00,Atl Goianiense,0.6,1–2,1.4,Criciúma,6478,Estádio Antônio Accioly,,Match Report,
10,Wed,2024-06-19,19:00,Botafogo (RJ),0.6,1–1,1.5,Ath Paranaense,19589,Estádio Nilton Santos,,Match Report,
10,Wed,2024-06-19,20:00,Juventude,1.3,2–0,0.3,Vasco da Gama,4838,Estádio Alfredo Jaconi,Paulo Zanovelli,Match Report,
10,Wed,2024-06-19,20:00,Fortaleza,1.7,1–0,1.0,Grêmio,16935,Estádio Castelão,,Match Report,
10,Wed,2024-06-19,20:00,São Paulo,0.9,0–1,0.5,Cuiabá,33586,Estádio do Morumbi,,Match Report,
10,Thu,2024-06-20,18:30,Vitória,1.5,4–2,1.9,Atlético Mineiro,15044,Estádio Manoel Barradas,,Match Report,
10,Thu,2024-06-20,20:00,Flamengo,1.1,2–1,0.8,Bahia,49909,Estadio Jornalista Mário Filho,,Match Report,
10,Wed,2024-06-19,21:30,Internacional,0.5,1–0,0.8,Corinthians,14447,Estádio Orlando Scarpelli,,Match Report,
Wk,Day,Date,Time,Home,xG,Score,xG,Away,Attendance,Venue,Referee,Match Report,Notes
10,Wed,2024-06-19,21:30,Cruzeiro,1.8,2–0,0.3,Fluminense,28812,Estádio Governador Magalhães Pinto,,Match Report,
10,Thu,2024-06-20,21:30,Palmeiras,3.1,2–1,1.4,RB Bragantino,29119,Allianz Parque,,Match Report,
,,,,,,,,,,,,,
11,Sat,2024-06-22,16:00,Criciúma,1.3,2–1,0.7,Botafogo (RJ),16256,Estádio Heriberto Hülse,,Match Report,
11,Sat,2024-06-22,17:30 (18:30),Cuiabá,0.9,0–0,0.8,Atl Goianiense,4635,Arena Pantanal,,Match Report,
11,Sat,2024-06-22,17:30,Grêmio,0.5,0–1,1.1,Internacional,27961,Estádio Major Antônio Couto Pereira,,Match Report,
11,Sun,2024-06-23,16:00,Fluminense,0.3,0–1,2.0,Flamengo,57098,Estadio Jornalista Mário Filho,,Match Report,
11,Sun,2024-06-23,16:00,Ath Paranaense,1.4,1–1,1.2,Corinthians,34682,Ligga Arena,,Match Report,
11,Sun,2024-06-23,16:00,Bahia,2.5,4–1,0.7,Cruzeiro,35541,Itaipava Arena Fonte Nova,,Match Report,
11,Sun,2024-06-23,18:30,Atlético Mineiro,0.9,1–1,1.3,Fortaleza,20089,Arena MRV,,Match Report,
11,Sun,2024-06-23,18:30,RB Bragantino,1.4,2–1,0.7,Vitória,4426,Estádio Nabi Abi Chedid,,Match Report,
11,Sun,2024-06-23,18:30,Palmeiras,2.9,3–1,1.4,Juventude,38258,Allianz Parque,,Match Report,
11,Sat,2024-06-22,21:30,Vasco da Gama,1.3,4–1,0.4,São Paulo,4897,Estádio Club de Regatas Vasco da Gama,Caio Max Augusto Vieira,Match Report,
,,,,,,,,,,,,,
12,Wed,2024-06-26,19:00,Botafogo (RJ),0.6,2–1,1.5,RB Bragantino,13333,Estádio Nilton Santos,,Match Report,
12,Wed,2024-06-26,19:00,Cruzeiro,1.9,2–0,0.7,Ath Paranaense,26465,Estádio Governador Magalhães Pinto,,Match Report,
12,Wed,2024-06-26,20:00,Corinthians,1.1,1–1,1.7,Cuiabá,38475,Neo Química Arena,,Match Report,
12,Wed,2024-06-26,20:00,Juventude,2.2,2–1,1.6,Flamengo,12675,Estádio Alfredo Jaconi,,Match Report,
12,Wed,2024-06-26,20:00,Atl Goianiense,1.7,1–1,0.4,Grêmio,7319,Estádio Antônio Accioly,,Match Report,
12,Thu,2024-06-27,19:00,Fluminense,0.3,0–1,0.5,Vitória,24269,Estadio Jornalista Mário Filho,,Match Report,
12,Thu,2024-06-27,20:00,São Paulo,0.5,2–1,1.5,Criciúma,28008,Estádio do Morumbi,,Match Report,
12,Wed,2024-06-26,21:30,Internacional,1.7,1–2,1.4,Atlético Mineiro,9978,Estádio Heriberto Hülse,,Match Report,
12,Wed,2024-06-26,21:30,Fortaleza,1.0,3–0,1.2,Palmeiras,28613,Estádio Castelão,,Match Report,
12,Wed,2024-06-26,21:30,Bahia,2.5,2–1,1.5,Vasco da Gama,38318,Itaipava Arena Fonte Nova,João Vitor Gobi,Match Report,
,,,,,,,,,,,,,
13,Sat,2024-06-29,17:30 (18:30),Cuiabá,0.2,1–1,0.3,RB Bragantino,5024,Arena Pantanal,,Match Report,
13,Sat,2024-06-29,18:30,Vasco da Gama,0.5,1–1,0.5,Botafogo (RJ),15593,Estádio Club de Regatas Vasco da Gama,Ramon Abatti,Match Report,
13,Sun,2024-06-30,11:00,Atlético Mineiro,0.7,1–1,1.2,Atl Goianiense,36099,Arena MRV,,Match Report,
13,Sun,2024-06-30,16:00,Grêmio,1.0,1–0,0.5,Fluminense,8549,Estádio Francisco Stédile,,Match Report,
13,Sun,2024-06-30,16:00,São Paulo,1.2,3–1,1.0,Bahia,28008,Estádio do Morumbi,,Match Report,
13,Sun,2024-06-30,16:00,Fortaleza,2.6,2–1,1.1,Juventude,33717,Estádio Castelão,,Match Report,
13,Sun,2024-06-30,18:30,Flamengo,0.6,2–1,0.6,Cruzeiro,52768,Estadio Jornalista Mário Filho,,Match Report,
13,Sun,2024-06-30,18:30,Vitória,1.0,0–1,0.9,Ath Paranaense,20376,Estádio Manoel Barradas,,Match Report,
13,Sun,2024-06-30,18:30,Criciúma,1.0,1–1,1.2,Internacional,14946,Estádio Heriberto Hülse,,Match Report,
13,Mon,2024-07-01,20:00,Palmeiras,1.0,2–0,0.9,Corinthians,41175,Allianz Parque,,Match Report,
Wk,Day,Date,Time,Home,xG,Score,xG,Away,Attendance,Venue,Referee,Match Report,Notes
,,,,,,,,,,,,,
14,Wed,2024-07-03,18:00 (19:00),Cuiabá,1.6,1–2,0.8,Botafogo (RJ),7849,Arena Pantanal,Paulo Zanovelli,Match Report,
14,Wed,2024-07-03,20:00,Vasco da Gama,1.8,2–0,0.5,Fortaleza,14384,Estádio Club de Regatas Vasco da Gama,Matheus Delgado Candançan,Match Report,
14,Wed,2024-07-03,20:00,Criciúma,1.5,1–0,1.1,Cruzeiro,12352,Estádio Heriberto Hülse,João Vitor Gobi,Match Report,
14,Thu,2024-07-04,19:00,Grêmio,2.2,2–2,2.3,Palmeiras,20797,Estádio Francisco Stédile,Marcelo de Lima Henrique,Match Report,
14,Thu,2024-07-04,19:00,Bahia,1.8,2–0,0.7,Juventude,40442,Itaipava Arena Fonte Nova,,Match Report,
14,Thu,2024-07-04,20:00,Fluminense,0.3,1–1,0.7,Internacional,40337,Estadio Jornalista Mário Filho,Felipe Fernandes de Lima,Match Report,
14,Thu,2024-07-04,20:00,Corinthians,0.6,3–2,1.9,Vitória,37689,Neo Química Arena,Gustavo Ervino Bauermann,Match Report,
14,Wed,2024-07-03,21:30,RB Bragantino,1.6,3–1,0.7,Atl Goianiense,3102,Estádio Nabi Abi Chedid,Davi de Oliveira Lacerda,Match Report,
14,Wed,2024-07-03,21:30,Atlético Mineiro,2.4,2–4,2.1,Flamengo,33993,Arena MRV,Ramon Abatti,Match Report,
14,Wed,2024-07-03,21:30,Ath Paranaense,0.4,1–2,1.6,São Paulo,28632,Ligga Arena,Alex Gomes Stefano,Match Report,
,,,,,,,,,,,,,
15,Sat,2024-07-06,20:00,São Paulo,1.9,2–0,0.9,RB Bragantino,46321,Estádio do Morumbi,Bruno Pereira Vasconcelos,Match Report,
15,Sat,2024-07-06,20:00,Flamengo,1.4,1–1,0.8,Cuiabá,54948,Estadio Jornalista Mário Filho,Rodrigo José Pereira de Lima,Match Report,
15,Sun,2024-07-07,16:00,Juventude,1.7,3–0,0.8,Grêmio,7984,Estádio Alfredo Jaconi,Matheus Delgado Candançan,Match Report,
15,Sun,2024-07-07,16:00,Cruzeiro,1.5,3–0,1.1,Corinthians,55186,Estádio Governador Magalhães Pinto,Alex Gomes Stefano,Match Report,
15,Sun,2024-07-07,16:00,Fortaleza,2.0,1–0,0.3,Fluminense,34831,Estádio Castelão,Davi de Oliveira Lacerda,Match Report,
15,Sun,2024-07-07,18:00,Internacional,1.3,1–2,0.7,Vasco da Gama,41693,Estádio José Pinheiro Borba,Gustavo Ervino Bauermann,Match Report,
15,Sun,2024-07-07,18:30,Atl Goianiense,0.7,1–2,1.0,Ath Paranaense,6152,Estádio Antônio Accioly,João Vitor Gobi,Match Report,
15,Sun,2024-07-07,18:30,Vitória,1.6,2–1,1.0,Criciúma,16615,Estádio Manoel Barradas,Bruno Mota Correia,Match Report,
15,Sun,2024-07-07,18:30,Palmeiras,0.9,2–0,1.9,Bahia,40198,Allianz Parque,Jonathan Benkenstein Pinheiro,Match Report,
15,Sun,2024-07-07,20:30,Botafogo (RJ),1.1,3–0,0.2,Atlético Mineiro,21582,Estádio Nilton Santos,Rafael Klein,Match Report,
,,,,,,,,,,,,,
16,Wed,2024-07-10,18:30,Grêmio,1.0,0–2,1.0,Cruzeiro,4623,Estádio Francisco Stédile,Bruno Arleu,Match Report,
16,Wed,2024-07-10,19:00,Vasco da Gama,0.9,2–0,0.4,Corinthians,23307,Estádio Club de Regatas Vasco da Gama,Rafael Klein,Match Report,
16,Wed,2024-07-10,19:00,Ath Paranaense,1.9,1–3,1.3,Bahia,23307,Ligga Arena,Felipe Fernandes de Lima,Match Report,
16,Thu,2024-07-11,19:30,Palmeiras,3.3,3–1,0.5,Atl Goianiense,26897,Allianz Parque,Wagner do Nascimento Magalhães,Match Report,
16,Thu,2024-07-11,20:00,Flamengo,2.0,1–2,0.4,Fortaleza,57517,Estadio Jornalista Mário Filho,Edina Alves,Match Report,
16,Thu,2024-07-11,20:00,Criciúma,1.1,1–1,2.1,Fluminense,11486,Estádio Heriberto Hülse,Anderson Daronco,Match Report,
16,Thu,2024-07-11,21:30,Vitória,1.0,0–1,2.1,Botafogo (RJ),16489,Estádio Manoel Barradas,Ramon Abatti,Match Report,
16,Thu,2024-07-11,21:30,Atlético Mineiro,0.6,2–1,1.4,São Paulo,28772,Arena MRV,Marcelo de Lima Henrique,Match Report,
,,,,,,,,,,,,,
17,Sat,2024-07-13,16:00,Cruzeiro,1.4,2–1,0.8,RB Bragantino,20042,Estádio Raimundo Sampaio,Savio Pereira,Match Report,
17,Sat,2024-07-13,16:00,Bahia,0.9,1–2,1.2,Cuiabá,48602,Itaipava Arena Fonte Nova,Davi de Oliveira Lacerda,Match Report,
17,Tue,2024-07-16,19:00,Juventude,0.9,1–1,1.8,Atlético Mineiro,9788,Estádio Nacional de Brasília,Alex Gomes Stefano,Match Report,
Wk,Day,Date,Time,Home,xG,Score,xG,Away,Attendance,Venue,Referee,Match Report,Notes
17,Wed,2024-07-17,19:00,Atl Goianiense,0.9,0–1,1.2,Vasco da Gama,12089,Estádio Antônio Accioly,Matheus Delgado Candançan,Match Report,
17,Wed,2024-07-17,20:00,São Paulo,0.9,1–0,1.4,Grêmio,53168,Estádio do Morumbi,Gustavo Ervino Bauermann,Match Report,
17,Tue,2024-07-16,21:00,Corinthians,0.7,2–1,1.2,Criciúma,43241,Neo Química Arena,,Match Report,
17,Wed,2024-07-17,21:30,Botafogo (RJ),1.8,1–0,1.2,Palmeiras,39570,Estádio Nilton Santos,Anderson Daronco,Match Report,
17,Wed,2024-07-17,21:30,Fortaleza,2.0,3–1,1.3,Vitória,24813,Estádio Castelão,Rafael Klein,Match Report,
,,,,,,,,,,,,,
18,Sat,2024-07-20,16:00,Flamengo,2.4,2–1,1.2,Criciúma,60127,Estádio Nacional de Brasília,Maguielson Lima Barbosa,Match Report,
18,Sat,2024-07-20,18:30,Botafogo (RJ),0.5,1–0,0.7,Internacional,31344,Estádio Nilton Santos,Flavio Rodrigues de Souza,Match Report,
18,Sun,2024-07-21,11:00,Grêmio,1.4,2–0,0.2,Vitória,25248,Estádio Francisco Stédile,Savio Pereira,Match Report,
18,Sun,2024-07-21,16:00,Bahia,1.3,0–1,0.3,Corinthians,48346,Itaipava Arena Fonte Nova,,Match Report,
18,Sun,2024-07-21,16:00,Atlético Mineiro,2.2,2–0,0.6,Vasco da Gama,42353,Arena MRV,Raphael Claus,Match Report,
18,Sun,2024-07-21,18:30,Juventude,0.8,0–0,0.5,São Paulo,26476,Estádio Nacional de Brasília,Wilton Sampaio,Match Report,
18,Sun,2024-07-21,18:30,RB Bragantino,0.8,1–0,1.4,Ath Paranaense,4423,Estádio Nabi Abi Chedid,,Match Report,
18,Sun,2024-07-21,18:30,Fortaleza,1.6,3–1,0.7,Atl Goianiense,30822,Estádio Castelão,Lucas Paulo Torezin,Match Report,
18,Sun,2024-07-21,19:00 (20:00),Cuiabá,0.6,0–1,1.3,Fluminense,13231,Arena Pantanal,Anderson Daronco,Match Report,
18,Sat,2024-07-20,21:00,Palmeiras,1.3,2–0,0.6,Cruzeiro,40465,Allianz Parque,Davi de Oliveira Lacerda,Match Report,
,,,,,,,,,,,,,
3,Wed,2024-07-24,19:00,Criciúma,0.5,1–1,1.6,Fortaleza,13625,Estádio Heriberto Hülse,Jonathan Benkenstein Pinheiro,Match Report,
,,,,,,,,,,,,,
19,Wed,2024-07-24,19:00,Cruzeiro,2.4,2–0,0.9,Juventude,46603,Estádio Governador Magalhães Pinto,Maguielson Lima Barbosa,Match Report,
19,Wed,2024-07-24,19:30,São Paulo,2.0,2–2,1.7,Botafogo (RJ),53244,Estádio do Morumbi,Felipe Fernandes de Lima,Match Report,
19,Wed,2024-07-24,20:00,Vitória,1.4,1–2,1.0,Flamengo,30688,Estádio Manoel Barradas,Raphael Claus,Match Report,
19,Thu,2024-07-25,20:00,Corinthians,1.6,2–2,0.9,Grêmio,45183,Neo Química Arena,,Match Report,
19,Wed,2024-07-24,21:30,Fluminense,1.0,1–0,0.1,Palmeiras,51375,Estadio Jornalista Mário Filho,Wilton Sampaio,Match Report,
19,Wed,2024-07-24,21:30,Atl Goianiense,1.1,1–1,0.8,Bahia,5777,Estádio Antônio Accioly,Luciano da Silva Miranda,Match Report,
,,,,,,,,,,,,,
20,Sat,2024-07-27,19:00,Juventude,0.5,1–2,1.7,Criciúma,6564,Estádio Alfredo Jaconi,João Vitor Gobi,Match Report,
20,Sat,2024-07-27,19:00,Palmeiras,0.8,0–2,0.6,Vitória,39609,Allianz Parque,Caio Max Augusto Vieira,Match Report,
20,Sat,2024-07-27,20:00,Bahia,0.9,1–1,1.5,Internacional,32950,Itaipava Arena Fonte Nova,Matheus Delgado Candançan,Match Report,
20,Sun,2024-07-28,11:00,RB Bragantino,0.4,0–1,0.8,Fluminense,7304,Estádio Nabi Abi Chedid,,Match Report,
20,Sun,2024-07-28,16:00,Flamengo,1.3,2–0,0.4,Atl Goianiense,61883,Estadio Jornalista Mário Filho,,Match Report,
20,Sun,2024-07-28,18:00 (19:00),Cuiabá,1.5,1–2,2.1,Ath Paranaense,4452,Arena Pantanal,,Match Report,
20,Sun,2024-07-28,19:00,Atlético Mineiro,1.9,2–1,1.1,Corinthians,44048,Arena MRV,Bruno Arleu,Match Report,
20,Sun,2024-07-28,19:00,Grêmio,1.7,1–0,0.9,Vasco da Gama,17621,Arena Condá,Paulo Zanovelli,Match Report,
20,Sat,2024-07-27,21:30,Botafogo (RJ),2.2,0–3,0.6,Cruzeiro,19349,Estádio Nilton Santos,Wilton Sampaio,Match Report,
Wk,Day,Date,Time,Home,xG,Score,xG,Away,Attendance,Venue,Referee,Match Report,Notes
20,Sat,2024-07-27,21:30,Fortaleza,1.3,1–0,0.6,São Paulo,41322,Estádio Castelão,,Match Report,
,,,,,,,,,,,,,
21,Sat,2024-08-03,16:00,Vitória,1.6,1–0,0.8,Cuiabá,26715,Estádio Manoel Barradas,João Vitor Gobi,Match Report,
21,Sat,2024-08-03,19:00,Vasco da Gama,0.8,2–2,1.3,RB Bragantino,17938,Estádio Club de Regatas Vasco da Gama,Gustavo Ervino Bauermann,Match Report,
21,Sat,2024-08-03,20:00,Atl Goianiense,1.2,1–4,3.1,Botafogo (RJ),8618,Estádio Antônio Accioly,Felipe Fernandes de Lima,Match Report,
21,Sat,2024-08-03,20:00,Criciúma,1.2,2–1,1.4,Atlético Mineiro,15642,Estádio Heriberto Hülse,,Match Report,
21,Sun,2024-08-04,16:00,Corinthians,2.4,1–1,0.7,Juventude,43947,Neo Química Arena,Lucas Paulo Torezin,Match Report,
21,Sun,2024-08-04,16:00,Ath Paranaense,0.9,0–2,2.2,Grêmio,27205,Ligga Arena,Matheus Delgado Candançan,Match Report,
21,Sun,2024-08-04,16:00,Fluminense,1.1,1–0,1.7,Bahia,50262,Estadio Jornalista Mário Filho,Davi de Oliveira Lacerda,Match Report,
21,Sun,2024-08-04,17:00,Internacional,1.5,1–1,1.4,Palmeiras,20794,Estádio José Pinheiro Borba,Wagner do Nascimento Magalhães,Match Report,
21,Sat,2024-08-03,21:30,São Paulo,1.4,1–0,0.3,Flamengo,58065,Estádio do Morumbi,Rafael Klein,Match Report,
21,Mon,2024-08-05,21:00,Cruzeiro,0.8,1–2,1.1,Fortaleza,20000,Estádio Kleber José de Andrade,Alex Gomes Stefano,Match Report,
,,,,,,,,,,,,,
22,Sat,2024-08-10,16:00,Fortaleza,1.9,1–0,0.8,Criciúma,40311,Estádio Castelão,Kleber Ariel Goncalves Silva,Match Report,
22,Sat,2024-08-10,18:00 (19:00),Cuiabá,0.5,1–3,1.4,Grêmio,9853,Arena Pantanal,Bruno Pereira Vasconcelos,Match Report,
22,Sun,2024-08-11,11:00,Juventude,1.7,3–2,1.8,Botafogo (RJ),5288,Estádio Alfredo Jaconi,Flavio Rodrigues de Souza,Match Report,
22,Sun,2024-08-11,16:00,São Paulo,2.0,1–0,0.7,Atl Goianiense,46600,Estádio do Morumbi,,Match Report,
22,Sun,2024-08-11,16:00,Flamengo,1.0,1–1,1.3,Palmeiras,55051,Estadio Jornalista Mário Filho,Wilton Sampaio,Match Report,
22,Sun,2024-08-11,16:00,Bahia,0.6,2–0,1.0,Vitória,45972,Itaipava Arena Fonte Nova,Braulio Machado,Match Report,
22,Sun,2024-08-11,19:00,Internacional,2.5,2–2,1.3,Ath Paranaense,17136,Estádio José Pinheiro Borba,Paulo Zanovelli,Match Report,
22,Sat,2024-08-10,21:30,Corinthians,1.4,1–1,1.2,RB Bragantino,42018,Neo Química Arena,Felipe Fernandes de Lima,Match Report,
22,Sat,2024-08-10,21:30,Vasco da Gama,1.2,2–0,0.8,Fluminense,20003,Estádio Nilton Santos,Anderson Daronco,Match Report,
22,Sat,2024-08-10,21:30,Cruzeiro,0.3,0–0,0.6,Atlético Mineiro,61583,Estádio Governador Magalhães Pinto,Raphael Claus,Match Report,
,,,,,,,,,,,,,
6,Wed,2024-08-14,19:30,Internacional,3.3,2–1,0.7,Juventude,11920,Estádio José Pinheiro Borba,Gustavo Ervino Bauermann,Match Report,
,,,,,,,,,,,,,
23,Sat,2024-08-17,16:00,Atlético Mineiro,1.8,1–1,1.3,Cuiabá,36290,Arena MRV,Davi de Oliveira Lacerda,Match Report,
23,Sat,2024-08-17,16:00,Grêmio,1.2,0–2,1.7,Bahia,56102,Estádio Alfredo Jaconi,Matheus Delgado Candançan,Match Report,
23,Sat,2024-08-17,18:30,RB Bragantino,2.2,1–2,1.9,Fortaleza,3928,Estádio Nabi Abi Chedid,Alex Gomes Stefano,Match Report,
23,Sun,2024-08-18,16:00,Criciúma,1.0,2–2,1.3,Vasco da Gama,18403,Estádio Heriberto Hülse,Paulo Zanovelli,Match Report,
23,Sun,2024-08-18,16:00,Palmeiras,2.1,2–1,0.6,São Paulo,37244,Allianz Parque,Raphael Claus,Match Report,
23,Sun,2024-08-18,16:00,Atl Goianiense,0.7,1–0,1.9,Internacional,5460,Estádio Antônio Accioly,Flavio Rodrigues de Souza,Match Report,
23,Sun,2024-08-18,18:30,Botafogo (RJ),3.3,4–1,0.8,Flamengo,23731,Estádio Nilton Santos,Bruno Arleu,Match Report,
23,Sun,2024-08-18,18:30,Ath Paranaense,1.5,1–2,1.1,Juventude,22926,Ligga Arena,João Vitor Gobi,Match Report,
23,Sat,2024-08-17,21:00,Fluminense,0.6,0–0,1.1,Corinthians,30475,Estadio Jornalista Mário Filho,Braulio Machado,Match Report,
Wk,Day,Date,Time,Home,xG,Score,xG,Away,Attendance,Venue,Referee,Match Report,Notes
23,Mon,2024-08-19,20:00,Vitória,1.2,2–2,1.2,Cruzeiro,17062,Estádio Manoel Barradas,Marcelo de Lima Henrique,Match Report,
,,,,,,,,,,,,,
24,Sat,2024-08-24,16:00,Atl Goianiense,2.5,2–1,0.6,Juventude,4407,Estádio Antônio Accioly,Bruno Pereira Vasconcelos,Match Report,
24,Sat,2024-08-24,18:30,Palmeiras,2.6,5–0,0.8,Cuiabá,30956,Estádio Brinco de Ouro da Princesa,Alex Gomes Stefano,Match Report,
24,Sun,2024-08-25,16:00,Fortaleza,1.0,1–0,0.6,Corinthians,51297,Estádio Castelão,Felipe Fernandes de Lima,Match Report,
24,Sun,2024-08-25,16:00,Bahia,0.9,0–0,0.8,Botafogo (RJ),40198,Itaipava Arena Fonte Nova,Ramon Abatti,Match Report,
24,Sun,2024-08-25,16:00,Criciúma,0.9,0–1,1.3,Grêmio,17377,Estádio Heriberto Hülse,Lucas Paulo Torezin,Match Report,
24,Sun,2024-08-25,18:30,São Paulo,0.6,2–1,1.2,Vitória,32712,Estádio do Morumbi,Wilton Sampaio,Match Report,
24,Sun,2024-08-25,19:00,Internacional,2.6,1–0,0.2,Cruzeiro,26634,Estádio José Pinheiro Borba,Matheus Delgado Candançan,Match Report,
24,Sun,2024-08-25,20:00,Flamengo,1.3,2–1,1.1,RB Bragantino,28159,Estadio Jornalista Mário Filho,Gustavo Ervino Bauermann,Match Report,
24,Sat,2024-08-24,21:00,Atlético Mineiro,0.5,0–2,0.7,Fluminense,32068,Estádio Governador Magalhães Pinto,Flavio Rodrigues de Souza,Match Report,
24,Mon,2024-08-26,21:00,Vasco da Gama,0.7,2–1,0.7,Ath Paranaense,16433,Estádio Club de Regatas Vasco da Gama,,Match Report,
,,,,,,,,,,,,,
5,Wed,2024-08-28,19:30,Cruzeiro,1.7,0–0,0.0,Internacional,35238,Estádio Governador Magalhães Pinto,,Match Report,
,,,,,,,,,,,,,
19,Wed,2024-08-28,19:30,Criciúma,0.9,1–0,1.1,RB Bragantino,11849,Estádio Heriberto Hülse,André Luiz Skettino Policarpo Bento,Match Report,
,,,,,,,,,,,,,
25,Sat,2024-08-31,17:30 (18:30),Cuiabá,1.2,2–1,0.6,Criciúma,4095,Arena Pantanal,Rodrigo José Pereira de Lima,Match Report,
25,Sun,2024-09-01,11:00,Cruzeiro,1.7,3–1,1.4,Atl Goianiense,50000,Estádio Governador Magalhães Pinto,Gustavo Ervino Bauermann,Match Report,
25,Sun,2024-09-01,11:00,Grêmio,2.0,2–3,2.8,Atlético Mineiro,27442,Arena do Grêmio,Raphael Claus,Match Report,
25,Sun,2024-09-01,16:00,Corinthians,1.6,2–1,1.3,Flamengo,45635,Neo Química Arena,Ramon Abatti,Match Report,
25,Sun,2024-09-01,18:30,Juventude,0.6,1–3,2.9,Internacional,10721,Estádio Alfredo Jaconi,Marcelo de Lima Henrique,Match Report,
25,Sun,2024-09-01,18:30,Vitória,1.4,0–1,0.4,Vasco da Gama,20923,Estádio Manoel Barradas,Luiz Flávio de Oliveira,Match Report,
25,Sun,2024-09-01,18:30,Fluminense,0.5,2–0,0.8,São Paulo,45759,Estadio Jornalista Mário Filho,Paulo Zanovelli,Match Report,
25,Sun,2024-09-01,18:30,RB Bragantino,1.0,2–1,0.8,Bahia,3921,Estádio Nabi Abi Chedid,Davi de Oliveira Lacerda,Match Report,
25,Sun,2024-09-01,18:30,Ath Paranaense,0.9,0–2,3.0,Palmeiras,28334,Ligga Arena,Braulio Machado,Match Report,
25,Sat,2024-08-31,21:00,Botafogo (RJ),1.8,2–0,0.4,Fortaleza,32564,Estádio Nilton Santos,Flavio Rodrigues de Souza,Match Report,
,,,,,,,,,,,,,
16,Thu,2024-09-05,19:00 (20:00),Cuiabá,0.7,0–0,0.6,Juventude,4826,Arena Pantanal,Felipe Fernandes de Lima,Match Report,
,,,,,,,,,,,,,
19,Wed,2024-09-11,19:30,Internacional,1.7,2–1,1.1,Fortaleza,26441,Estádio José Pinheiro Borba,Gustavo Ervino Bauermann,Match Report,
,,,,,,,,,,,,,
26,Sat,2024-09-14,16:00,Atl Goianiense,0.7,0–2,0.8,Vitória,4938,Estádio Antônio Accioly,Edina Alves,Match Report,
26,Sat,2024-09-14,18:30,Ath Paranaense,2.9,1–1,1.1,Fortaleza,31551,Ligga Arena,Davi de Oliveira Lacerda,Match Report,
26,Sun,2024-09-15,16:00,Palmeiras,1.9,5–0,0.7,Criciúma,37244,Allianz Parque,Alex Gomes Stefano,Match Report,
Wk,Day,Date,Time,Home,xG,Score,xG,Away,Attendance,Venue,Referee,Match Report,Notes
26,Sun,2024-09-15,16:00,RB Bragantino,1.7,2–2,0.8,Grêmio,5228,Estádio Nabi Abi Chedid,Bruno Arleu,Match Report,
26,Sun,2024-09-15,16:00,Juventude,0.6,2–1,0.7,Fluminense,6232,Estádio Alfredo Jaconi,Flavio Rodrigues de Souza,Match Report,
26,Sun,2024-09-15,18:30,Cruzeiro,0.6,0–1,1.1,São Paulo,55000,Estádio Governador Magalhães Pinto,Wilton Sampaio,Match Report,
26,Sun,2024-09-15,18:30,Flamengo,2.1,1–1,1.0,Vasco da Gama,65200,Estadio Jornalista Mário Filho,Raphael Claus,Match Report,
26,Sun,2024-09-15,18:30,Bahia,1.1,3–0,0.6,Atlético Mineiro,26420,Itaipava Arena Fonte Nova,Rafael Klein,Match Report,
26,Sat,2024-09-14,21:00,Botafogo (RJ),2.2,2–1,2.0,Corinthians,32718,Estádio Nilton Santos,Anderson Daronco,Match Report,
26,Mon,2024-09-16,20:00,Internacional,3.3,3–0,0.3,Cuiabá,35366,Estádio José Pinheiro Borba,Braulio Machado,Match Report,
,,,,,,,,,,,,,
27,Sat,2024-09-21,16:00,Vitória,1.1,1–0,0.9,Juventude,24479,Estádio Manoel Barradas,Braulio Machado,Match Report,
27,Sat,2024-09-21,16:00,Corinthians,2.5,3–0,0.7,Atl Goianiense,46001,Neo Química Arena,Bruno Arleu,Match Report,
27,Sat,2024-09-21,18:30,Fluminense,0.4,0–1,1.6,Botafogo (RJ),22000,Estadio Jornalista Mário Filho,Wilton Sampaio,Match Report,
27,Sun,2024-09-22,16:00,Vasco da Gama,0.3,0–1,1.4,Palmeiras,25755,Estádio Nacional de Brasília,Rafael Klein,Match Report,
27,Sun,2024-09-22,16:00,Atlético Mineiro,2.3,3–0,0.6,RB Bragantino,34533,Arena MRV,Lucas Paulo Torezin,Match Report,
27,Sun,2024-09-22,17:30 (18:30),Cuiabá,0.4,0–0,0.9,Cruzeiro,5948,Arena Pantanal,Flavio Rodrigues de Souza,Match Report,
27,Sun,2024-09-22,18:30,Grêmio,1.6,3–2,1.4,Flamengo,48504,Arena do Grêmio,Matheus Delgado Candançan,Match Report,
27,Sun,2024-09-22,18:30,São Paulo,0.8,1–3,1.0,Internacional,35111,Estádio do Morumbi,Ramon Abatti,Match Report,
27,Sun,2024-09-22,20:00,Criciúma,1.4,0–0,0.6,Ath Paranaense,12765,Estádio Heriberto Hülse,Anderson Daronco,Match Report,
27,Sat,2024-09-21,21:00,Fortaleza,1.5,4–1,0.4,Bahia,42051,Estádio Castelão,Raphael Claus,Match Report,
,,,,,,,,,,,,,
5,Wed,2024-09-25,19:00,Grêmio,1.6,1–2,0.8,Criciúma,18457,Arena do Grêmio,Davi de Oliveira Lacerda,Match Report,
,,,,,,,,,,,,,
16,Wed,2024-09-25,19:00,RB Bragantino,1.1,2–2,2.2,Internacional,3871,Estádio Nabi Abi Chedid,Rodrigo José Pereira de Lima,Match Report,
,,,,,,,,,,,,,
28,Sat,2024-09-28,18:30,Palmeiras,2.6,2–1,0.3,Atlético Mineiro,16040,Estádio Brinco de Ouro da Princesa,Bruno Arleu,Match Report,
28,Sun,2024-09-29,11:00,Juventude,1.0,1–1,1.2,RB Bragantino,6285,Estádio Alfredo Jaconi,Alex Gomes Stefano,Match Report,
28,Sun,2024-09-29,16:00,Fortaleza,0.8,1–0,0.1,Cuiabá,42000,Estádio Castelão,Denis da Silva Ribeiro Serafim,Match Report,
28,Sun,2024-09-29,16:00,Atl Goianiense,1.4,1–0,1.5,Fluminense,7871,Estádio Antônio Accioly,Ramon Abatti,Match Report,
28,Sun,2024-09-29,16:00,São Paulo,2.9,3–1,0.8,Corinthians,25888,Estádio Nacional de Brasília,Rafael Klein,Match Report,
28,Sun,2024-09-29,18:30,Bahia,2.6,1–0,0.1,Criciúma,24574,Itaipava Arena Fonte Nova,Edina Alves,Match Report,
28,Sun,2024-09-29,18:30,Internacional,2.4,3–1,0.7,Vitória,45112,Estádio José Pinheiro Borba,Wagner do Nascimento Magalhães,Match Report,
28,Sun,2024-09-29,18:30,Cruzeiro,0.8,1–1,1.1,Vasco da Gama,56331,Estádio Governador Magalhães Pinto,Matheus Delgado Candançan,Match Report,
28,Sun,2024-09-29,20:00,Flamengo,0.7,1–0,0.4,Ath Paranaense,30022,Estadio Jornalista Mário Filho,Davi de Oliveira Lacerda,Match Report,
28,Sat,2024-09-28,21:00,Botafogo (RJ),1.0,0–0,0.7,Grêmio,42220,Estádio Nacional de Brasília,Maguielson Lima Barbosa,Match Report,
,,,,,,,,,,,,,
29,Thu,2024-10-03,19:00,Criciúma,1.3,2–0,0.4,Atl Goianiense,12343,Estádio Heriberto Hülse,João Vitor Gobi,Match Report,
Wk,Day,Date,Time,Home,xG,Score,xG,Away,Attendance,Venue,Referee,Match Report,Notes
29,Thu,2024-10-03,21:30,Fluminense,1.6,1–0,1.4,Cruzeiro,30242,Estadio Jornalista Mário Filho,Gustavo Ervino Bauermann,Match Report,
29,Sat,2024-10-05,16:30,RB Bragantino,0.8,0–0,1.4,Palmeiras,9989,Estádio Nabi Abi Chedid,Braulio Machado,Match Report,
29,Sat,2024-10-05,16:30,Atlético Mineiro,1.0,2–2,1.1,Vitória,34910,Arena MRV,Matheus Delgado Candançan,Match Report,
29,Sat,2024-10-05,16:30,Ath Paranaense,1.6,0–1,1.2,Botafogo (RJ),22726,Ligga Arena,Flavio Rodrigues de Souza,Match Report,
29,Sat,2024-10-05,18:00 (19:00),Cuiabá,0.8,2–0,0.5,São Paulo,11883,Arena Pantanal,Anderson Daronco,Match Report,
29,Sat,2024-10-05,19:00,Bahia,0.8,0–2,2.5,Flamengo,43433,Itaipava Arena Fonte Nova,Rafael Klein,Match Report,
29,Sat,2024-10-05,19:00,Corinthians,1.9,2–2,0.6,Internacional,44866,Neo Química Arena,Lucas Paulo Torezin,Match Report,
29,Fri,2024-10-04,21:30,Grêmio,1.6,3–1,0.3,Fortaleza,22204,Arena do Grêmio,Davi de Oliveira Lacerda,Match Report,
29,Sat,2024-10-05,21:00,Vasco da Gama,1.2,1–1,1.6,Juventude,18036,Estádio Club de Regatas Vasco da Gama,Caio Max Augusto Vieira,Match Report,
,,,,,,,,,,,,,
6,Wed,2024-10-09,19:30,Atlético Mineiro,1.8,2–1,1.4,Grêmio,22053,Arena MRV,Luiz Flávio de Oliveira,Match Report,
,,,,,,,,,,,,,
30,Thu,2024-10-17,20:00,Corinthians,1.8,5–2,1.6,Ath Paranaense,44399,Neo Química Arena,Wilton Sampaio,Match Report,
30,Thu,2024-10-17,20:00,Flamengo,1.5,0–2,1.7,Fluminense,58117,Estadio Jornalista Mário Filho,Raphael Claus,Match Report,
30,Wed,2024-10-16,21:45,Fortaleza,0.7,1–1,1.4,Atlético Mineiro,23046,Estádio Castelão,Rafael Klein,Match Report,
30,Wed,2024-10-16,21:45,São Paulo,1.3,3–0,1.0,Vasco da Gama,15947,Estádio Brinco de Ouro da Princesa,Davi de Oliveira Lacerda,Match Report,
30,Fri,2024-10-18,19:00,Atl Goianiense,1.2,0–0,0.4,Cuiabá,3622,Estádio Antônio Accioly,Braulio Machado,Match Report,
30,Fri,2024-10-18,20:00,Botafogo (RJ),2.5,1–1,0.3,Criciúma,64727,Estadio Jornalista Mário Filho,Matheus Delgado Candançan,Match Report,
30,Sat,2024-10-19,16:00,Internacional,1.8,1–0,0.5,Grêmio,48049,Estádio José Pinheiro Borba,Bruno Arleu,Match Report,
30,Sat,2024-10-19,16:00,Vitória,1.3,1–0,0.7,RB Bragantino,25189,Estádio Manoel Barradas,Denis da Silva Ribeiro Serafim,Match Report,
30,Fri,2024-10-18,21:30,Cruzeiro,1.2,1–1,1.3,Bahia,34473,Estádio Governador Magalhães Pinto,Flavio Rodrigues de Souza,Match Report,
30,Sun,2024-10-20,20:00,Juventude,2.1,3–5,2.6,Palmeiras,10102,Estádio Alfredo Jaconi,Alex Gomes Stefano,Match Report,
,,,,,,,,,,,,,
17,Tue,2024-10-22,19:30,Fluminense,1.4,1–0,0.5,Ath Paranaense,39465,Estadio Jornalista Mário Filho,Braulio Machado,Match Report,
,,,,,,,,,,,,,
19,Thu,2024-10-24,19:00,Vasco da Gama,0.8,1–0,0.6,Cuiabá,16696,Estádio Club de Regatas Vasco da Gama,Wilton Sampaio,Match Report,
,,,,,,,,,,,,,
31,Sat,2024-10-26,16:30,Grêmio,2.0,3–1,1.5,Atl Goianiense,36959,Arena do Grêmio,Edina Alves,Match Report,
31,Sat,2024-10-26,16:30,Flamengo,2.4,4–2,0.6,Juventude,65700,Estadio Jornalista Mário Filho,Braulio Machado,Match Report,
31,Sat,2024-10-26,16:30,Palmeiras,3.7,2–2,0.9,Fortaleza,40321,Allianz Parque,Ramon Abatti,Match Report,
31,Sat,2024-10-26,16:30,Vitória,1.4,2–1,0.6,Fluminense,29497,Estádio Manoel Barradas,Flavio Rodrigues de Souza,Match Report,
31,Sat,2024-10-26,18:30,Ath Paranaense,1.4,3–0,0.1,Cruzeiro,35959,Ligga Arena,Rodrigo José Pereira de Lima,Match Report,
31,Sat,2024-10-26,19:00,RB Bragantino,0.2,0–1,1.3,Botafogo (RJ),7400,Estádio Nabi Abi Chedid,Anderson Daronco,Match Report,
31,Sat,2024-10-26,19:00,Atlético Mineiro,1.1,1–3,1.8,Internacional,27028,Arena MRV,Marcelo de Lima Henrique,Match Report,
31,Sat,2024-10-26,22:00,Criciúma,0.8,1–1,0.8,São Paulo,17422,Estádio Heriberto Hülse,Rafael Rodrigo Klein,Match Report,
Wk,Day,Date,Time,Home,xG,Score,xG,Away,Attendance,Venue,Referee,Match Report,Notes
31,Mon,2024-10-28,18:00 (19:00),Cuiabá,0.3,0–1,1.3,Corinthians,16680,Arena Pantanal,Bruno Arleu,Match Report,
31,Mon,2024-10-28,21:00,Vasco da Gama,1.9,3–2,2.0,Bahia,17213,Estádio Club de Regatas Vasco da Gama,Raphael Claus,Match Report,
,,,,,,,,,,,,,
17,Wed,2024-10-30,19:00,Internacional,1.5,1–1,1.7,Flamengo,43729,Estádio José Pinheiro Borba,Davi de Oliveira Lacerda,Match Report,
,,,,,,,,,,,,,
32,Sat,2024-11-02,16:00,RB Bragantino,1.0,0–0,0.4,Cuiabá,4103,Estádio Nabi Abi Chedid,Marcelo de Lima Henrique,Match Report,
32,Sat,2024-11-02,18:30,Ath Paranaense,1.3,1–2,1.1,Vitória,40666,Ligga Arena,Luiz Flávio de Oliveira,Match Report,
32,Sat,2024-11-02,18:30,Juventude,1.2,0–3,0.9,Fortaleza,7419,Estádio Alfredo Jaconi,Raphael Claus,Match Report,
32,Fri,2024-11-01,21:00,Fluminense,2.3,2–2,1.4,Grêmio,35278,Estadio Jornalista Mário Filho,Matheus Delgado Candançan,Match Report,
32,Mon,2024-11-04,20:00,Corinthians,0.8,2–0,1.0,Palmeiras,46085,Neo Química Arena,Wilton Sampaio,Match Report,
32,Tue,2024-11-05,21:30,Bahia,1.5,0–3,1.1,São Paulo,29599,Itaipava Arena Fonte Nova,Alex Gomes Stefano,Match Report,
32,Tue,2024-11-05,21:30,Internacional,1.5,2–0,0.1,Criciúma,29097,Estádio José Pinheiro Borba,Felipe Fernandes de Lima,Match Report,
32,Tue,2024-11-05,21:30,Botafogo (RJ),2.6,3–0,0.6,Vasco da Gama,32007,Estádio Nilton Santos,Bruno Arleu,Match Report,
32,Wed,2024-11-06,21:00,Atl Goianiense,1.0,1–0,0.7,Atlético Mineiro,3791,Estádio Antônio Accioly,Jonathan Benkenstein Pinheiro,Match Report,
32,Wed,2024-11-06,21:00,Cruzeiro,0.7,0–1,0.4,Flamengo,20855,Estádio Raimundo Sampaio,Gustavo Ervino Bauermann,Match Report,
,,,,,,,,,,,,,
33,Fri,2024-11-08,19:00,Internacional,1.2,2–0,0.9,Fluminense,35877,Estádio José Pinheiro Borba,Luiz Flávio de Oliveira,Match Report,
33,Sat,2024-11-09,16:30,Botafogo (RJ),2.6,0–0,0.2,Cuiabá,41899,Estádio Nilton Santos,Rodrigo José Pereira de Lima,Match Report,
33,Sat,2024-11-09,16:30,Vitória,1.6,1–2,0.9,Corinthians,30973,Estádio Manoel Barradas,Bruno Arleu,Match Report,
33,Sat,2024-11-09,19:00,Fortaleza,2.3,3–0,0.2,Vasco da Gama,45271,Estádio Castelão,Lucas Paulo Torezin,Match Report,
33,Sat,2024-11-09,19:00,Cruzeiro,3.2,2–1,1.1,Criciúma,29287,Estádio Governador Magalhães Pinto,Wagner do Nascimento Magalhães,Match Report,
33,Sat,2024-11-09,19:00,Juventude,2.2,2–1,0.7,Bahia,6091,Estádio Alfredo Jaconi,Wilton Sampaio,Match Report,
33,Sat,2024-11-09,19:00,Atl Goianiense,0.4,0–0,1.6,RB Bragantino,2419,Estádio Antônio Accioly,Anderson Daronco,Match Report,
33,Fri,2024-11-08,21:30,Palmeiras,2.8,1–0,0.6,Grêmio,33670,Allianz Parque,Marcelo de Lima Henrique,Match Report,
33,Sat,2024-11-09,21:00,São Paulo,1.4,2–1,0.2,Ath Paranaense,34777,Estádio do Morumbi,Rafael Klein,Match Report,
33,Wed,2024-11-13,20:00,Flamengo,2.1,0–0,0.8,Atlético Mineiro,63441,Estadio Jornalista Mário Filho,Davi de Oliveira Lacerda,Match Report,
,,,,,,,,,,,,,
19,Sat,2024-11-16,18:30,Ath Paranaense,1.5,1–0,0.4,Atlético Mineiro,40935,Ligga Arena,Matheus Delgado Candançan,Match Report,
,,,,,,,,,,,,,
34,Wed,2024-11-20,11:00,Corinthians,3.1,2–1,0.3,Cruzeiro,46056,Neo Química Arena,Jonathan Benkenstein Pinheiro,Match Report,
34,Wed,2024-11-20,16:30,Criciúma,0.9,0–1,1.1,Vitória,12123,Estádio Heriberto Hülse,Rafael Klein,Match Report,
34,Wed,2024-11-20,16:30,Ath Paranaense,2.0,2–0,1.2,Atl Goianiense,42177,Ligga Arena,Alex Gomes Stefano,Match Report,
34,Wed,2024-11-20,16:30,RB Bragantino,1.7,1–1,0.4,São Paulo,9017,Estádio Nabi Abi Chedid,Wilton Sampaio,Match Report,
34,Wed,2024-11-20,18:00 (19:00),Cuiabá,0.4,1–2,1.9,Flamengo,12891,Arena Pantanal,Edina Alves,Match Report,
34,Wed,2024-11-20,18:00,Bahia,1.8,1–2,0.5,Palmeiras,36445,Itaipava Arena Fonte Nova,Wagner do Nascimento Magalhães,Match Report,
Wk,Day,Date,Time,Home,xG,Score,xG,Away,Attendance,Venue,Referee,Match Report,Notes
34,Wed,2024-11-20,19:00,Grêmio,0.7,2–2,1.5,Juventude,40426,Arena do Grêmio,Bruno Arleu,Match Report,
34,Thu,2024-11-21,20:00,Vasco da Gama,0.9,0–1,1.0,Internacional,17339,Estádio Club de Regatas Vasco da Gama,Rodrigo José Pereira de Lima,Match Report,
34,Wed,2024-11-20,21:30,Atlético Mineiro,0.1,0–0,2.0,Botafogo (RJ),,Estádio Raimundo Sampaio,Luiz Flávio de Oliveira,Match Report,
,,,,,,,,,,,,,
35,Sat,2024-11-23,19:30,Juventude,1.4,1–1,0.6,Cuiabá,6932,Estádio Alfredo Jaconi,Matheus Delgado Candançan,Match Report,
35,Sat,2024-11-23,19:30,Botafogo (RJ),1.8,1–1,0.5,Vitória,35491,Estádio Nilton Santos,Ramon Abatti,Match Report,
35,Sat,2024-11-23,19:30,Atl Goianiense,0.2,0–1,1.1,Palmeiras,11216,Estádio Antônio Accioly,Jonathan Benkenstein Pinheiro,Match Report,
,,,,,,,,,,,,,
34,Fri,2024-11-22,21:30,Fluminense,0.9,2–2,1.2,Fortaleza,37969,Estadio Jornalista Mário Filho,Raphael Claus,Match Report,
,,,,,,,,,,,,,
35,Sun,2024-11-24,16:00,Internacional,2.9,4–1,0.3,RB Bragantino,41762,Estádio José Pinheiro Borba,Marcelo de Lima Henrique,Match Report,
35,Sun,2024-11-24,16:00,Bahia,1.8,1–1,0.8,Ath Paranaense,26307,Itaipava Arena Fonte Nova,Rodrigo José Pereira de Lima,Match Report,
35,Sun,2024-11-24,16:00,Corinthians,1.2,3–1,0.3,Vasco da Gama,46083,Neo Química Arena,Davi de Oliveira Lacerda,Match Report,
35,Sat,2024-11-23,21:30,São Paulo,1.0,2–2,1.0,Atlético Mineiro,36783,Estádio do Morumbi,Alex Gomes Stefano,Match Report,
35,Tue,2024-11-26,19:00,Fluminense,1.0,0–0,0.8,Criciúma,41240,Estadio Jornalista Mário Filho,Luiz Flávio de Oliveira,Match Report,
35,Tue,2024-11-26,20:00,Fortaleza,0.2,0–0,1.3,Flamengo,57624,Estádio Castelão,Anderson Daronco,Match Report,
,,,,,,,,,,,,,
36,Tue,2024-11-26,21:30,Palmeiras,1.5,1–3,1.6,Botafogo (RJ),31753,Allianz Parque,Wilton Sampaio,Match Report,
36,Tue,2024-11-26,21:30,Atlético Mineiro,3.1,2–3,1.0,Juventude,,Estádio Raimundo Sampaio,Flavio Rodrigues de Souza,Match Report,
,,,,,,,,,,,,,
35,Wed,2024-11-27,21:00,Cruzeiro,1.5,1–1,0.8,Grêmio,21009,Estádio Governador Magalhães Pinto,Raphael Claus,Match Report,
,,,,,,,,,,,,,
36,Sat,2024-11-30,18:30 (19:30),Cuiabá,1.6,1–2,1.1,Bahia,2613,Arena Pantanal,Davi de Oliveira Lacerda,Match Report,
36,Sat,2024-11-30,19:30,Criciúma,0.8,2–4,2.3,Corinthians,18075,Estádio Heriberto Hülse,Anderson Daronco,Match Report,
36,Sun,2024-12-01,16:00,Flamengo,2.1,3–2,1.1,Internacional,56571,Estadio Jornalista Mário Filho,Rodrigo José Pereira de Lima,Match Report,
36,Sun,2024-12-01,16:00,Grêmio,1.7,2–1,0.3,São Paulo,39197,Arena do Grêmio,Ramon Abatti,Match Report,
36,Sun,2024-12-01,18:30,Vitória,2.7,2–0,0.6,Fortaleza,29090,Estádio Manoel Barradas,Wilton Sampaio,Match Report,
36,Sun,2024-12-01,18:30,Ath Paranaense,1.1,1–1,1.3,Fluminense,41375,Ligga Arena,Raphael Claus,Match Report,
36,Sun,2024-12-01,18:30,RB Bragantino,0.4,1–1,1.4,Cruzeiro,6223,Estádio Nabi Abi Chedid,Rafael Klein,Match Report,
36,Sat,2024-11-30,21:30,Vasco da Gama,1.6,2–2,1.2,Atl Goianiense,18270,Estádio Club de Regatas Vasco da Gama,Lucas Paulo Torezin,Match Report,
,,,,,,,,,,,,,
37,Tue,2024-12-03,20:00,Corinthians,1.8,3–0,0.4,Bahia,46263,Neo Química Arena,Bruno Arleu,Match Report,
37,Wed,2024-12-04,19:00,Vasco da Gama,1.3,2–0,0.7,Atlético Mineiro,17074,Estádio Club de Regatas Vasco da Gama,Davi de Oliveira Lacerda,Match Report,
37,Wed,2024-12-04,20:00,Criciúma,0.7,0–3,1.8,Flamengo,18849,Estádio Heriberto Hülse,Wilton Sampaio,Match Report,
37,Wed,2024-12-04,20:00,São Paulo,0.5,1–2,1.1,Juventude,31442,Estádio do Morumbi,Savio Pereira,Match Report,
Wk,Day,Date,Time,Home,xG,Score,xG,Away,Attendance,Venue,Referee,Match Report,Notes
37,Wed,2024-12-04,20:00,Vitória,1.5,1–1,0.6,Grêmio,26842,Estádio Manoel Barradas,Alex Gomes Stefano,Match Report,
37,Thu,2024-12-05,20:00,Fluminense,2.0,1–0,0.0,Cuiabá,59730,Estadio Jornalista Mário Filho,Rafael Klein,Match Report,
37,Thu,2024-12-05,20:00,Ath Paranaense,1.8,1–2,0.7,RB Bragantino,41626,Ligga Arena,Rodrigo José Pereira de Lima,Match Report,
37,Wed,2024-12-04,21:30,Atl Goianiense,2.1,3–1,1.5,Fortaleza,3157,Estádio Antônio Accioly,Lucas Casagrande,Match Report,
37,Wed,2024-12-04,21:30,Internacional,0.9,0–1,0.1,Botafogo (RJ),37628,Estádio José Pinheiro Borba,Ramon Abatti,Match Report,
37,Wed,2024-12-04,21:30,Cruzeiro,0.7,1–2,2.8,Palmeiras,,Estádio Governador Magalhães Pinto,Anderson Daronco,Match Report,
,,,,,,,,,,,,,
38,Sun,2024-12-08,15:00 (16:00),Cuiabá,1.8,1–2,1.2,Vasco da Gama,7030,Arena Pantanal,Thaillan Azevedo Gomes,Match Report,
38,Sun,2024-12-08,16:00,Fortaleza,1.3,3–0,1.2,Internacional,51386,Estádio Castelão,Matheus Delgado Candançan,Match Report,
38,Sun,2024-12-08,16:00,Flamengo,1.9,2–2,0.8,Vitória,67113,Estadio Jornalista Mário Filho,Lucas Casagrande,Match Report,
38,Sun,2024-12-08,16:00,Grêmio,0.8,0–3,2.2,Corinthians,42945,Arena do Grêmio,Paulo Zanovelli,Match Report,
38,Sun,2024-12-08,16:00,Juventude,1.4,0–1,0.8,Cruzeiro,13518,Estádio Alfredo Jaconi,Edina Alves,Match Report,
38,Sun,2024-12-08,16:00,Atlético Mineiro,1.4,1–0,0.3,Ath Paranaense,,Arena MRV,Rafael Klein,Match Report,
38,Sun,2024-12-08,16:00,Palmeiras,0.4,0–1,0.9,Fluminense,34571,Allianz Parque,Ramon Abatti,Match Report,
38,Sun,2024-12-08,16:00,Bahia,2.8,2–0,0.8,Atl Goianiense,48476,Itaipava Arena Fonte Nova,Gustavo Ervino Bauermann,Match Report,
38,Sun,2024-12-08,16:00,RB Bragantino,3.1,5–1,0.4,Criciúma,9110,Estádio Nabi Abi Chedid,Savio Pereira,Match Report,
38,Sun,2024-12-08,16:00,Botafogo (RJ),1.9,2–1,0.4,São Paulo,41986,Estádio Nilton Santos,Anderson Daronco,Match Report,
